<?xml version="1.0" encoding="utf-8"?>
<extension method="upgrade" type="component" version="3.0">
	<name>xbarticleman</name>
	<author>Roger C-O</author>
	<creationDate>27th November 2023</creationDate>
	<authorEmail>roger@crosborne.co.uk</authorEmail>
	<authorUrl>www.crosborne.uk</authorUrl>
	<copyright>(C) Roger Creagh-Osborne, 2023</copyright>
	<license>GNU/GPL</license>
	<version>2.1.0.0</version>
	<description>XBARTMAN_XML_DESCRIPTION</description>

	<scriptfile>script.xbarticleman.php</scriptfile>	
	
	<media destination="com_xbarticleman" folder="media">
		<filename>index.html</filename>
		<folder>css</folder>
		<folder>js</folder>
		<folder>images</folder>
	</media>
	
	<administration>
		<files folder="admin">
			<filename>index.html</filename>
			<filename>controller.php</filename>
			<filename>xbarticleman.php</filename>
			<filename>access.xml</filename>
			<filename>config.xml</filename>
			<folder>controllers</folder>
			<folder>helpers</folder>
			<folder>layouts</folder>
			<folder>models</folder>
			<folder>views</folder>
		</files>
		
		<languages folder="admin/language">
			<language tag="en-GB">en-GB/en-GB.com_xbarticleman.ini</language>
			<language tag="en-GB">en-GB/en-GB.com_xbarticleman.sys.ini</language>
		</languages>


		<menu img="class:xbarticlemanager">XBARTMAN_MENU</menu>
		<submenu>
			<menu link="option=com_xbarticleman&amp;view=dashboard" >
				xbartman_iconmenu_dashboard
			</menu>
			<menu link="option=com_xbarticleman&amp;view=arttags" >
				xbartman_iconmenu_arttags
			</menu>
			<menu link="option=com_xbarticleman&amp;view=artimgs" >
				xbartman_iconmenu_artimgs
			</menu>
			<menu link="option=com_xbarticleman&amp;view=artlinks" >
				xbartman_iconmenu_artlinks
			</menu>
			<menu link="option=com_xbarticleman&amp;view=artscodes" >
				xbartman_iconmenu_artscodes
			</menu>
			<menu link="option=com_config&amp;view=component&amp;component=com_xbarticleman" >
				xbartman_iconmenu_options				
			</menu>
		</submenu>

	</administration>
	
	<updateservers>
		<server type="extension" priority="1" name="xbArticleMan Updates">
			http://www.crosborne.uk/jupdates/update_xbarticleman.xml
		</server>
	</updateservers>

</extension>
