<?xml version="1.0" encoding="utf-8"?>
<extension method="upgrade" type="component" version="3.0">
	<name>xbartman</name>
	<author>Roger C-O</author>
	<creationDate>27th January 2019</creationDate>
	<authorEmail>roger@crosborne.co.uk</authorEmail>
	<authorUrl>www.crosborne.uk</authorUrl>
	<copyright>(C) Roger Creagh-Osborne, 2019</copyright>
	<license>GNU/GPL</license>
	<version>1.0.0.0</version>
	<description>COM_XBARTMAN_XML_DESCRIPTION</description>

	<scriptfile>script.xbartman.php</scriptfile>	
	
	<administration>
		<files folder="admin">
			<filename>index.html</filename>
			<filename>controller.php</filename>
			<filename>xbartman.php</filename>
			<filename>access.xml</filename>
			<filename>config.xml</filename>
			<folder>controllers</folder>
			<folder>helpers</folder>
			<folder>models</folder>
			<folder>views</folder>
		</files>
		
		<languages folder="admin/language">
			<language tag="en-GB">en-GB/en-GB.com_xbartman.ini</language>
			<language tag="en-GB">en-GB/en-GB.com_xbartman.sys.ini</language>
		</languages>

		<menu img="class:categories">COM_XBARTMAN_MENU</menu>
		<submenu>
			<menu link="option=com_xbartman"
				view="Articles" img="class:generic"
				alt="Xbartman/Articles">
				com_xbartman_menu_articles
			</menu>
			<menu link="option=com_xbartman&amp;view=artlinks"
				view="Artlinks" img="class:generic"
				alt="Xbartman/Artlinks">
				com_xbartman_menu_artlinks
			</menu>
			<menu link="option=com_xbartman&amp;view=artimgs"
				view="Artimgs" img="class:generic"
				alt="Xbartman/Artimgs">
				com_xbartman_menu_artimgs
			</menu>
		</submenu>

	</administration>
	
	<updateservers>
		<server type="extension" priority="1" name=" Updates">
			http://www.crosborne.co.uk/jupdates/update_xbartman.xml
		</server>
	</updateservers>

</extension>
